sentiment_category,num_comments,upvote_ratio,score
Negative,100.14377406931965,0.7719191270860077,540.5032092426187
Neutral,53.13569482288828,0.7869536784741145,231.724795640327
Positive,55.73826425463705,0.8143027249828257,249.1408289443554
