day_of_week,sentiment_category,num_comments,upvote_ratio,score
Monday,Negative,149.67320261437908,0.785751633986928,758.5424836601308
Monday,Neutral,47.69035532994924,0.809492385786802,168.36040609137055
Monday,Positive,71.43062200956938,0.8086124401913876,281.33971291866027
Tuesday,Positive,73.81203007518798,0.816766917293233,382.06390977443607
Tuesday,Neutral,48.68867924528302,0.7739150943396226,182.8820754716981
Tuesday,Negative,119.55428571428571,0.7720571428571429,587.7028571428572
Wednesday,Positive,61.698484848484846,0.8151515151515152,215.1560606060606
Wednesday,Negative,91.79310344827586,0.7770258620689655,572.6379310344828
Wednesday,Neutral,67.98473282442748,0.7913358778625955,286.9236641221374
Thursday,Positive,59.709720372836216,0.8322237017310253,212.12117177097204
Thursday,Neutral,42.765243902439025,0.8054878048780487,283.1707317073171
Thursday,Negative,89.56913183279742,0.7696463022508039,473.9646302250804
Friday,Negative,119.51091703056768,0.7778602620087336,668.3449781659389
Friday,Positive,46.535526315789475,0.8117105263157894,253.20394736842104
Friday,Neutral,72.25617283950618,0.7715123456790124,302.14814814814815
Saturday,Positive,46.52545155993432,0.7953037766830869,264.2840722495895
Saturday,Neutral,45.88803088803089,0.7727027027027027,148.3899613899614
Saturday,Negative,85.36637931034483,0.761551724137931,423.87931034482756
Sunday,Negative,70.25221238938053,0.7649557522123893,405.10176991150445
Sunday,Positive,39.27629513343799,0.8152276295133437,176.53061224489795
Sunday,Neutral,42.10276679841897,0.7861264822134387,193.25691699604744
